Test. Sun Oct 19 13:28:13 UTC 2025
Test. Mon Oct 20 00:54:00 UTC 2025
Test. Tue Oct 21 00:51:15 UTC 2025
Test. Wed Oct 22 00:52:10 UTC 2025
Test. Thu Oct 23 00:50:27 UTC 2025
Test. Fri Oct 24 00:45:46 UTC 2025
Test. Sat Oct 25 00:48:15 UTC 2025
Test. Sun Oct 26 00:53:46 UTC 2025
Test. Mon Oct 27 00:55:18 UTC 2025
Test. Tue Oct 28 00:49:03 UTC 2025
Test. Wed Oct 29 00:53:02 UTC 2025
Test. Thu Oct 30 00:52:49 UTC 2025
Test. Fri Oct 31 00:51:31 UTC 2025
Test. Sat Nov  1 00:54:21 UTC 2025
Test. Sun Nov  2 00:55:08 UTC 2025
Test. Mon Nov  3 00:54:22 UTC 2025
Test. Tue Nov  4 00:51:34 UTC 2025
Test. Wed Nov  5 00:53:27 UTC 2025
Test. Thu Nov  6 00:52:20 UTC 2025
Test. Fri Nov  7 00:51:58 UTC 2025
Test. Sat Nov  8 00:47:51 UTC 2025
Test. Sun Nov  9 00:54:53 UTC 2025
